SKU,Part Number,Condition,Currency,Price,Sale Price,Manufacturer,Category,Title,Image URL,Weight,Availability,Remain Stock,Specification,Import,Product URL,Google Feed,Active
,ST450MM0026,Refurbished,US,$30.00,$30.00,465,38,SEAGATE ST450MM0026 Savvio 450gb 10000rpm Sas-6gbps 64mb Buffer 2.5inch Form Factor Internal Hard Disk Drive With Secure Encryption. Refurbished. In Stock.,https://www.serversupply.com/images/item/186725.jpg,1,Instock,0,test,serversupply,https://www.serversupply.com/HARD DRIVES/SAS-6GBPS/450GB-10000RPM/SEAGATE/ST450MM0026_186725.htm,1,1
,WD2503ABYZ,Refurbished,US,$30.00,$30.00,465,38,WESTERN DIGITAL Wd2503abyz Re 250gb 7200rpm Sata-6gbps 64mb Buffer 3.5inch Internal Hard Disk Drive. Refurbished. In Stock.,https://www.serversupply.com/images/item/200996.jpg,2,Instock,0,test,serversupply,https://www.serversupply.com/HARD DRIVES/SATA-6GBPS/250GB-7200RPM/WESTERN DIGITAL/WD2503ABYZ_200996.htm,1,1
,HE253GJ,Refurbished,US,$32.00,$32.00,465,38,SAMSUNG HE253GJ Spinpoint F3r 250gb 7200rpm Sata 3.0gb/s 3.5inch 16mb Buffer Internal Hard Disk Drive. Refurbished Dell Oem. In Stock.,https://www.serversupply.com/images/item/132614.jpg,0,Instock,0,test,serversupply,https://www.serversupply.com/HARD DRIVES/SATA-II/250GB-7200RPM/SAMSUNG/HE253GJ_132614.htm,1,1
,ST1000NM0023,Refurbished,US,$35.00,$35.00,465,38,SEAGATE ST1000NM0023 Constellation Es.3 1tb 7200 Rpm Sas-6gbits 128 Mb Buffer 3.5 Inch Internal Hard Disk Drive. Refurbished. In Stock.,https://www.serversupply.com/images/item/264583.jpg,0,Instock,0,test,serversupply,https://www.serversupply.com/HARD DRIVES/SAS-6GBPS/1TB-7200RPM/SEAGATE/ST1000NM0023_264583.htm,1,1
,ST300MM0006,OEM,US,$35.00,$35.00,465,38,SEAGATE ST300MM0006 Savvio 300gb 10000rpm Sas 6gbits 2.5inch Form Factor 64mb Buffer Hard Disk Drive. Dell Oem. Refurbished. In Stock.,https://www.serversupply.com/images/item/191875.jpg,0,Instock,4,test,serversupply,https://www.serversupply.com/HARD DRIVES/SAS-6GBPS/300GB-10000RPM/SEAGATE/ST300MM0006_191875.htm,1,1
,WD3001BKHG,OEM,US,$35.00,$35.00,465,38,WESTERN DIGITAL Wd3001bkhg Wd Xe 300gb 10000rpm Sas-6gbits 32mb Buffer 2.5inch Hard Disk Drive. Dell Oem. Refurbished. In Stock.,https://www.serversupply.com/images/item/178091.jpg,0,Instock,5,test,serversupply,https://www.serversupply.com/HARD DRIVES/SAS-6GBPS/300GB-10000RPM/WESTERN DIGITAL/WD3001BKHG_178091.htm,1,1
,ST3300657SS,Refurbished,US,$37.00,$37.00,465,38,SEAGATE ST3300657SS Cheetah 300gb 15000rpm Sas-6gbits 3.5inch 1.0inch 16mb Buffer Internal Hard Disk Drive. Refurbished. In Stock.,https://www.serversupply.com/images/item/175345.jpg,0,Instock,6,test,serversupply,https://www.serversupply.com/HARD DRIVES/SAS-6GBPS/300GB-15000RPM/SEAGATE/ST3300657SS_175345.htm,1,1
,YP777,Refurbished,US,$38.00,$38.00,465,38,DELL YP777 500gb 7200rpm Sas-3gbps 16mb Buffer 3.5inch Low Profile(1.0inch) Internal Hard Disk Drive. Refurbished. In Stock.,https://www.serversupply.com/images/item/155398.jpg,0,Instock,7,test,serversupply,https://www.serversupply.com/HARD DRIVES/SAS-3GBPS/500GB-7200RPM/DELL/YP777_155398.htm,1,1
,ST3450857SS,Refurbished,US,$40.00,$40.00,465,38,SEAGATE ST3450857SS Cheetah 450gb 15000rpm Sas 6gbps 16mb Buffer 3.5inch Form Factor Internal Hard Disk Drive. Refurbished. In Stock.,https://www.serversupply.com/images/item/175092.jpg,0,Instock,8,test,serversupply,https://www.serversupply.com/HARD DRIVES/SAS-6GBPS/450GB-15000RPM/SEAGATE/ST3450857SS_175092.htm,1,1
,ST3300657SS-H,Refurbished,US,$40.00,$40.00,465,38,SEAGATE ST3300657SS-H 146gb 15000rpm Sas-3gbits 16mb Buffer 3.5 Inch Internal Hard Disk Drive. Dell Oem. Refurbished. In Stock.,https://www.serversupply.com/images/item/260268.jpg,0,Instock,0,test,serversupply,https://www.serversupply.com/HARD DRIVES/SAS-3GBPS/146GB-15000RPM/SEAGATE/ST3300657SS-H_260268.htm,1,1
,ST600MM0026,Refurbished,US,$40.00,$40.00,465,38,SEAGATE ST600MM0026 Savvio 600gb 10000rpm 2.5inch 64mb Buffer Sas 6-gb/s Hard Drive With Secure Encryption. Refurbished. In Stock.,https://www.serversupply.com/images/item/306191.jpg,0,Instock,0,test,serversupply,https://www.serversupply.com/HARD DRIVES/SAS-6GBPS/600GB-10000RPM/SEAGATE/ST600MM0026_306191.htm,1,1
,ST500NM0011,Refurbished,US,$40.00,$40.00,465,35,SEAGATE ST500NM0011 Constellation Es 500gb 7200 Rpm Sata-6bps 64mb Buffer 3.5 Inch Low Profile (1.0 Inch) Hard Disk Drive. Dell Oem. Refurbished. In Stock.,https://www.serversupply.com/images/item/190456.jpg,0,Instock,0,test,serversupply,https://www.serversupply.com/HARD DRIVES/SATA-6GBPS/500GB-7200RPM/SEAGATE/ST500NM0011_190456.htm,1,1
,X291A-R5,Refurbished,US,$40.00,$40.00,465,35,NETAPP X291A-R5 450gb 15000rpm 4gbps 64mb Buffer 3.5inch Internal Disk Drive For Ds14mk4 Ds14mk2 Disk Drive Systems. Refurbished. In Stock.,https://www.serversupply.com/images/item/192761.jpg,0,Instock,0,test,serversupply,https://www.serversupply.com/HARD DRIVES/FIBRE CHANNEL/450GB-15000RPM/NETAPP/X291A-R5_192761.htm,1,1
,ST3320820NA,Refurbished,US,$45.00,$45.00,465,35,SEAGATE ST3320820NA 320gb 7200rpm Ata-ide 3.5inch Low Profile Hard Disk Drive. Refurbished. In Stock.,https://www.serversupply.com/images/item/169847.jpg,0,Instock,0,test,serversupply,https://www.serversupply.com/HARD DRIVES/ATA - IDE/320GB-7200RPM/SEAGATE/ST3320820NA_169847.htm,1,1
,ST9500530NS,Refurbished,US,$45.00,$45.00,465,35,SEAGATE CONSTELLATION St9500530ns 500gb 7200rpm Serial Ata-300 (sata-ii) 32mb Buffer 2.5inch Form Factor Hard Disk Drive. Refurbished. In Stock.,https://www.serversupply.com/images/item/208386.jpg,0,Instock,0,test,serversupply,https://www.serversupply.com/HARD DRIVES/SATA-II/500GB-7200RPM/SEAGATE/ST9500530NS_208386.htm,1,1
,ST1000NM0023,OEM,US,$45.00,$45.00,465,35,SEAGATE ST1000NM0023 Constellation Es.3 1tb 7200 Rpm Sas-6gbits 128 Mb Buffer 3.5 Inch Internal Hard Disk Drive. Dell Oem. Refurbished. In Stock.,https://www.serversupply.com/images/item/193102.jpg,0,Instock,0,test,serversupply,https://www.serversupply.com/HARD DRIVES/SAS-6GBPS/1TB-7200RPM/SEAGATE/ST1000NM0023_193102.htm,1,1
,ST600MM0006,Refurbished,US,$45.00,$45.00,465,35,SEAGATE ST600MM0006 Savvio 600gb 10000rpm Sas 6gbits 2.5inch Form Factor 64mb Buffer Hard Disk Drive. Dell Oem. Refurbished. In Stock.,https://www.serversupply.com/images/item/191912.jpg,0,Instock,0,test,serversupply,https://www.serversupply.com/HARD DRIVES/SAS-6GBPS/600GB-10000RPM/SEAGATE/ST600MM0006_191912.htm,1,1
,ST500NM0011,Refurbished,US,$45.00,$45.00,465,35,SEAGATE ST500NM0011 Constellation Es 500gb 7200 Rpm Sata-6bps 64mb Buffer 3.5 Inch Low Profile (1.0 Inch) Hard Disk Drive. Hp Oem. Refurbished. In Stock.,https://www.serversupply.com/images/item/296682.jpg,0,Instock,0,test,serversupply,https://www.serversupply.com/HARD DRIVES/SATA-6GBPS/500GB-7200RPM/SEAGATE/ST500NM0011_296682.htm,1,1
,ST1000NM0011,Refurbished,US,$45.00,$45.00,465,35,SEAGATE ST1000NM0011 Constellation Es 1tb 7200rpm Sata-6gbps 64mb Buffer 3.5inch Internal Hard Disk Drive. Refurbished. In Stock.,https://www.serversupply.com/images/item/189359.jpg,0,Instock,0,test,serversupply,https://www.serversupply.com/HARD DRIVES/SATA-6GBPS/1TB-7200RPM/SEAGATE/ST1000NM0011_189359.htm,1,1
,ST1000NM0033,Refurbished,US,$45.00,$45.00,465,35,SEAGATE ST1000NM0033 Constellation Es.3 1tb 7200 Rpm Sata-6gbps 128 Mb Buffer 3.5 Inch Internal Hard Disk Drive. Refurbished. In Stock.,https://www.serversupply.com/images/item/191538.jpg,0,Instock,0,test,serversupply,https://www.serversupply.com/HARD DRIVES/SATA-6GBPS/1TB-7200RPM/SEAGATE/ST1000NM0033_191538.htm,1,1
